sequence,label
CTGTGGTGCCTGCAGACAAAGCAGGTGTTGGTCAGAGGAGCGGGCAGAGGGGGGCCGCAGGGATAGATGGATGGGTGGGATGGATGGACGGGTGGGGGCAA,0
CATCCACATTCTGCGGGAGGCCACAAGAGCAGGGCCAACGTTAGAAAGGCCGCAAGGGGAGAGGAGGAGCCTGAGAAGCGCCAAGCACCTCCTCCGCTCTG,0
TTGGCTGCCTCAGACCGCGTTGCCCTCCAGCCTCGAGGCAGAGAGCTGCCTCGGTGCCACAGCTAAATAAGCCCGGCGCCGCGCAGCCTCTGACACGCGCG,1
GGGAGATTTTCAAAATGGGAGCCCAGAGGCACCGCCCAGGCCTCGGAAGGTGTCAGGGAGAACTTTCCGTGGTTTCAGCGTCGTCGCCTGGAGCGGCGGTT,1
CTGGGAGACAGCAGTTGGAAGTTGGCAGGTGGAGAGGCAGGTTGGGAGGGAAAGTCGGGGGAGGACGCGGAAGAGGAGCTGTGGGAAGGGGGAGGAGGGAG,1
CTGGGAGACAGCAGTTGGAAGTTGGCAGGTGGAGAGGCAGGTTGGGAGGGAAAGTCGGGGGAGGACGCGGAAGAGGAGCTGTGGGAAGGGGGAGGAGGGAG,0
CTGTGGTGCCTGCAGACAAAGCAGGTGTTGGTCAGAGGAGCGGGCAGAGGGGGGCCGCAGGGATAGATGGATGGGTGGGATGGATGGACGGGTGGGGGCAA,0
CATCCACATTCTGCGGGAGGCCACAAGAGCAGGGCCAACGTTAGAAAGGCCGCAAGGGGAGAGGAGGAGCCTGAGAAGCGCCAAGCACCTCCTCCGCTCTG,0
TTGGCTGCCTCAGACCGCGTTGCCCTCCAGCCTCGAGGCAGAGAGCTGCCTCGGTGCCACAGCTAAATAAGCCCGGCGCCGCGCAGCCTCTGACACGCGCG,1
GGGAGATTTTCAAAATGGGAGCCCAGAGGCACCGCCCAGGCCTCGGAAGGTGTCAGGGAGAACTTTCCGTGGTTTCAGCGTCGTCGCCTGGAGCGGCGGTT,0
CAAGCAGCGCCCAGGGCTCGAGTGACGCAAAAGCTGACACACACCTTCACCCGCCAAGAGTCCCGGCGGCACTACGAGGAAGAGCCCGGGTTCGCGTTTAT,1
CTGGGAGACAGCAGTTGGAAGTTGGCAGGTGGAGAGGCAGGTTGGGAGGGAAAGTCGGGGGAGGACGCGGAAGAGGAGCTGTGGGAAGGGGGAGGAGGGAG,1
